centre_id,centre_name,postcode_candidate,address_candidate,phone_candidate,query_primary,query_secondary,query_tertiary,cleaned_postcode_candidate,cleaned_address_candidate,lookup_confidence,lookup_notes,extraction_status
aberdeen_north,Aberdeen North,,St Machar Drive,,Aberdeen North driving test centre UK,St Machar Drive Aberdeen North UK,Aberdeen North test centre UK,,St Machar Drive,medium,"address_incomplete,no_postcode_found",address_found
aberfeldy,Aberfeldy,,,,Aberfeldy driving test centre UK,,Aberfeldy test centre UK,,,low,"no_address_found,no_postcode_found",no_metadata
abergavenny,Abergavenny,,Old Barn Way,,Abergavenny driving test centre UK,Old Barn Way Abergavenny UK,Abergavenny test centre UK,,Old Barn Way,medium,"address_incomplete,no_postcode_found",address_found
aberystwyth_park_avenue,Aberystwyth Park Avenue,,,,Aberystwyth Park Avenue driving test centre UK,,Aberystwyth Park Avenue test centre UK,,,low,"no_address_found,no_postcode_found",no_metadata
airdrie,Airdrie,,,,Airdrie driving test centre UK,,Airdrie test centre UK,,,low,"no_address_found,no_postcode_found",no_metadata
alness,Alness,,Cromlet Drive / Academy Rd,,Alness driving test centre UK,Cromlet Drive / Academy Rd Alness UK,Alness test centre UK,,Cromlet Drive / Academy Rd,medium,"address_incomplete,no_postcode_found",address_found
alnwick,Alnwick,,Tower Lane/Green Batt,,Alnwick driving test centre UK,Tower Lane/Green Batt Alnwick UK,Alnwick test centre UK,,Tower Lane/Green Batt,medium,"address_incomplete,no_postcode_found",address_found
arbroath,Arbroath,,A92 / Burnside Drive,,Arbroath driving test centre UK,,Arbroath test centre UK,,,low,"junction_style_text,no_postcode_found",no_metadata
ashfield,Ashfield,,New Lane / Beristowe Lane,,Ashfield driving test centre UK,New Lane / Beristowe Lane Ashfield UK,Ashfield test centre UK,,New Lane / Beristowe Lane,medium,"address_incomplete,no_postcode_found",address_found
ashford_kent,Ashford Kent,,Tithe Barn Lane,,Ashford Kent driving test centre UK,Tithe Barn Lane Ashford Kent UK,Ashford Kent test centre UK,,Tithe Barn Lane,medium,"address_incomplete,no_postcode_found",address_found
ashford_london_middlesex,Ashford London Middlesex,,Clockhouse Lane / Parkland Rd / Clockhouse Lane,,Ashford London Middlesex driving test centre UK,,Ashford London Middlesex test centre UK,,,low,"no_postcode_found,route_reference_only",no_metadata
aylesbury,Aylesbury,,Broughton Lane / Burcott lane,,Aylesbury driving test centre UK,Broughton Lane / Burcott lane Aylesbury UK,Aylesbury test centre UK,,Broughton Lane / Burcott lane,medium,"address_incomplete,no_postcode_found",address_found
ayr,Ayr,,Albert Terrace / Craigie Ave / Craigie Way,,Ayr driving test centre UK,,Ayr test centre UK,,,low,"no_postcode_found,route_reference_only",no_metadata
bala,Bala,,,,Bala driving test centre UK,,Bala test centre UK,,,low,"no_address_found,no_postcode_found",no_metadata
ballater,Ballater,,Sir Patrick Geddies Way,,Ballater driving test centre UK,Sir Patrick Geddies Way Ballater UK,Ballater test centre UK,,Sir Patrick Geddies Way,medium,"address_incomplete,no_postcode_found",address_found
banbury,Banbury,,Mewburn Rd / Queensway,,Banbury driving test centre UK,Mewburn Rd / Queensway Banbury UK,Banbury test centre UK,,Mewburn Rd / Queensway,medium,"address_incomplete,no_postcode_found",address_found
banff,Banff,,,,Banff driving test centre UK,,Banff test centre UK,,,low,"no_address_found,no_postcode_found",no_metadata
bangor,Bangor,"A55
 3RD",,,Bangor driving test centre UK,,Bangor test centre UK,,,low,"no_address_found,postcode_invalid",no_metadata
barking_tanner_street,Barking Tanner Street,,South Park Drive,,Barking Tanner Street driving test centre UK,South Park Drive Barking Tanner Street UK,Barking Tanner Street test centre UK,,South Park Drive,medium,"address_incomplete,no_postcode_found",address_found
barnet_london,Barnet London,,Barnet Gate Lane / Mays Lane,,Barnet London driving test centre UK,Barnet Gate Lane / Mays Lane Barnet London UK,Barnet London test centre UK,,Barnet Gate Lane / Mays Lane,medium,"address_incomplete,no_postcode_found",address_found
barnsley,Barnsley,,Cypress Rd / Yews Lane / Underwood Ave,,Barnsley driving test centre UK,,Barnsley test centre UK,,,low,"no_postcode_found,route_reference_only",no_metadata
barnstaple,Barnstaple,,Westaway Hill / Old School Rd,,Barnstaple driving test centre UK,Westaway Hill / Old School Rd Barnstaple UK,Barnstaple test centre UK,,Westaway Hill / Old School Rd,medium,"address_incomplete,no_postcode_found",address_found
barra,Barra,,,,Barra driving test centre UK,,Barra test centre UK,,,low,"no_address_found,no_postcode_found",no_metadata
barrow_in_furness,Barrow In Furness,,James Freel Close,,Barrow In Furness driving test centre UK,James Freel Close Barrow In Furness UK,Barrow In Furness test centre UK,,James Freel Close,medium,"address_incomplete,no_postcode_found",address_found
barry,Barry,,,,Barry driving test centre UK,,Barry test centre UK,,,low,"no_address_found,no_postcode_found",no_metadata
basingstoke,Basingstoke,,Hatch Warren Way,,Basingstoke driving test centre UK,Hatch Warren Way Basingstoke UK,Basingstoke test centre UK,,Hatch Warren Way,medium,"address_incomplete,no_postcode_found",address_found
bedford,Bedford,,Barkers Lane / Goldington Rd,,Bedford driving test centre UK,Barkers Lane / Goldington Rd Bedford UK,Bedford test centre UK,,Barkers Lane / Goldington Rd,medium,"address_incomplete,no_postcode_found",address_found
belvedere_london,Belvedere London,,Harrow Manor Way,,Belvedere London driving test centre UK,Harrow Manor Way Belvedere London UK,Belvedere London test centre UK,,Harrow Manor Way,medium,"address_incomplete,no_postcode_found",address_found
berwick_on_tweed,Berwick-On-Tweed,,,,Berwick-On-Tweed driving test centre UK,,Berwick-On-Tweed test centre UK,,,low,"no_address_found,no_postcode_found",no_metadata
birmingham_garretts_green,Birmingham Garretts Green,,Garretts Green Lane,,Birmingham Garretts Green driving test centre UK,Garretts Green Lane Birmingham Garretts Green UK,Birmingham Garretts Green test centre UK,,Garretts Green Lane,medium,"address_incomplete,no_postcode_found",address_found
birmingham_kings_heath,Birmingham Kings Heath,,Highters Heath Lane,,Birmingham Kings Heath driving test centre UK,Highters Heath Lane Birmingham Kings Heath UK,Birmingham Kings Heath test centre UK,,Highters Heath Lane,medium,"address_incomplete,no_postcode_found",address_found
birmingham_kingstanding,Birmingham Kingstanding,,Doe Bank Lane,,Birmingham Kingstanding driving test centre UK,Doe Bank Lane Birmingham Kingstanding UK,Birmingham Kingstanding test centre UK,,Doe Bank Lane,medium,"address_incomplete,no_postcode_found",address_found
birmingham_shirley,Birmingham Shirley,,Dog Kennel Lane,,Birmingham Shirley driving test centre UK,Dog Kennel Lane Birmingham Shirley UK,Birmingham Shirley test centre UK,,Dog Kennel Lane,medium,"address_incomplete,no_postcode_found",address_found
birmingham_south_yardley,Birmingham South Yardley,,The Avenue / Lincoln Rd,,Birmingham South Yardley driving test centre UK,The Avenue / Lincoln Rd Birmingham South Yardley UK,Birmingham South Yardley test centre UK,,The Avenue / Lincoln Rd,medium,"address_incomplete,no_postcode_found",address_found
birmingham_sutton_coldfield,Birmingham Sutton Coldfield,,Summer Rd / Gravelly Lane,,Birmingham Sutton Coldfield driving test centre UK,Summer Rd / Gravelly Lane Birmingham Sutton Coldfield UK,Birmingham Sutton Coldfield test centre UK,,Summer Rd / Gravelly Lane,medium,"address_incomplete,no_postcode_found",address_found
bishops_stortford,Bishops Stortford,,The Street / Church Rd,,Bishops Stortford driving test centre UK,The Street / Church Rd Bishops Stortford UK,Bishops Stortford test centre UK,,The Street / Church Rd,medium,"address_incomplete,no_postcode_found",address_found
blackburn_with_darwen,Blackburn with Darwen,,Barbara Castle Way,,Blackburn with Darwen driving test centre UK,Barbara Castle Way Blackburn with Darwen UK,Blackburn with Darwen test centre UK,,Barbara Castle Way,medium,"address_incomplete,no_postcode_found",address_found
blackpool,Blackpool,,Newton Drive / Highcross Rd,,Blackpool driving test centre UK,Newton Drive / Highcross Rd Blackpool UK,Blackpool test centre UK,,Newton Drive / Highcross Rd,medium,"address_incomplete,no_postcode_found",address_found
bletchley,Bletchley,,Queensway / Brooklands Rd,,Bletchley driving test centre UK,Queensway / Brooklands Rd Bletchley UK,Bletchley test centre UK,,Queensway / Brooklands Rd,medium,"address_incomplete,no_postcode_found",address_found
blyth,Blyth,,St Ronans Drive,,Blyth driving test centre UK,St Ronans Drive Blyth UK,Blyth test centre UK,,St Ronans Drive,medium,"address_incomplete,no_postcode_found",address_found
bodmin,Bodmin,,Plas Newydd Avenue,,Bodmin driving test centre UK,Plas Newydd Avenue Bodmin UK,Bodmin test centre UK,,Plas Newydd Avenue,medium,"address_incomplete,no_postcode_found",address_found
bolton_manchester,Bolton Manchester,,Deane Church Lane,,Bolton Manchester driving test centre UK,Deane Church Lane Bolton Manchester UK,Bolton Manchester test centre UK,,Deane Church Lane,medium,"address_incomplete,no_postcode_found",address_found
borehamwood_london,Borehamwood London,,A1 Sth Barnet Way,,Borehamwood London driving test centre UK,,Borehamwood London test centre UK,,,low,"no_postcode_found,road_number_only",no_metadata
boston,Boston,,John Adams Way,,Boston driving test centre UK,John Adams Way Boston UK,Boston test centre UK,,John Adams Way,medium,"address_incomplete,no_postcode_found",address_found
bradford_heaton,Bradford Heaton,,Walker Drive / Blythe Ave,,Bradford Heaton driving test centre UK,Walker Drive / Blythe Ave Bradford Heaton UK,Bradford Heaton test centre UK,,Walker Drive / Blythe Ave,medium,"address_incomplete,no_postcode_found",address_found
bradford_thornbury,Bradford Thornbury,,Broadway – becomes Horsforth New,,Bradford Thornbury driving test centre UK,Broadway – becomes Horsforth New Bradford Thornbury UK,Bradford Thornbury test centre UK,,Broadway – becomes Horsforth New,medium,"address_incomplete,no_postcode_found",address_found
brecon,Brecon,,Coryton Close / Bryn De Winton,,Brecon driving test centre UK,Coryton Close / Bryn De Winton Brecon UK,Brecon test centre UK,,Coryton Close / Bryn De Winton,medium,"address_incomplete,no_postcode_found",address_found
bredbury_manchester,Bredbury Manchester,,Ashton Road - Start Independent Driving,,Bredbury Manchester driving test centre UK,Ashton Road - Start Independent Driving Bredbury Manchester UK,Bredbury Manchester test centre UK,,Ashton Road - Start Independent Driving,medium,"address_incomplete,no_postcode_found",address_found
brentwood_london,Brentwood London,,Nags Head Lane,,Brentwood London driving test centre UK,Nags Head Lane Brentwood London UK,Brentwood London test centre UK,,Nags Head Lane,medium,"address_incomplete,no_postcode_found",address_found
bridgend,Bridgend,,Cefn Glas Lane,,Bridgend driving test centre UK,Cefn Glas Lane Bridgend UK,Bridgend test centre UK,,Cefn Glas Lane,medium,"address_incomplete,no_postcode_found",address_found
bridlington,Bridlington,,South Marine Drive,,Bridlington driving test centre UK,South Marine Drive Bridlington UK,Bridlington test centre UK,,South Marine Drive,medium,"address_incomplete,no_postcode_found",address_found
bristol_brislington,Bristol Brislington,,Kensington Park Rd / Lodway Rd,,Bristol Brislington driving test centre UK,Kensington Park Rd / Lodway Rd Bristol Brislington UK,Bristol Brislington test centre UK,,Kensington Park Rd / Lodway Rd,medium,"address_incomplete,no_postcode_found",address_found
brodick_isle_of_arran,Brodick Isle of Arran,,,,Brodick Isle of Arran driving test centre UK,,Brodick Isle of Arran test centre UK,,,low,"no_address_found,no_postcode_found",no_metadata
buckie,Buckie,,,,Buckie driving test centre UK,,Buckie test centre UK,,,low,"no_address_found,no_postcode_found",no_metadata
burgess_hill,Burgess Hill,,Queen Elizabeth Avenue,,Burgess Hill driving test centre UK,Queen Elizabeth Avenue Burgess Hill UK,Burgess Hill test centre UK,,Queen Elizabeth Avenue,medium,"address_incomplete,no_postcode_found",address_found
burton_on_trent,Burton on Trent,,Bosworth Drive / Charnwood Rd,,Burton on Trent driving test centre UK,Bosworth Drive / Charnwood Rd Burton on Trent UK,Burton on Trent test centre UK,,Bosworth Drive / Charnwood Rd,medium,"address_incomplete,no_postcode_found",address_found
bury_manchester,Bury Manchester,,Taylor St / Brook St / Wash Lane,,Bury Manchester driving test centre UK,,Bury Manchester test centre UK,,,low,"no_postcode_found,route_reference_only",no_metadata
bury_st_edmunds,Bury St Edmunds,"A14
 2ND",Follow into one way system,,Bury St Edmunds driving test centre UK,Follow into one way system Bury St Edmunds UK,Bury St Edmunds test centre UK,,Follow into one way system,medium,"address_incomplete,postcode_invalid",address_found
buxton,Buxton,,Green Lane Into,,Buxton driving test centre UK,Green Lane Into Buxton UK,Buxton test centre UK,,Green Lane Into,medium,"address_incomplete,no_postcode_found",address_found
camborne,Camborne,,Dudnance Lane / Station Rd,,Camborne driving test centre UK,Dudnance Lane / Station Rd Camborne UK,Camborne test centre UK,,Dudnance Lane / Station Rd,medium,"address_incomplete,no_postcode_found",address_found
campbeltown,Campbeltown,,,,Campbeltown driving test centre UK,,Campbeltown test centre UK,,,low,"no_address_found,no_postcode_found",no_metadata
canterbury,Canterbury,,Oaten Hill / Upper Chantry Lane,,Canterbury driving test centre UK,Oaten Hill / Upper Chantry Lane Canterbury UK,Canterbury test centre UK,,Oaten Hill / Upper Chantry Lane,medium,"address_incomplete,no_postcode_found",address_found
cardiff_llanishen,Cardiff Llanishen,,Fairways Crescent / Bwlch Rd / Finchley Rd,,Cardiff Llanishen driving test centre UK,,Cardiff Llanishen test centre UK,,,low,"no_postcode_found,route_reference_only",no_metadata
cardigan,Cardigan,,,,Cardigan driving test centre UK,,Cardigan test centre UK,,,low,"no_address_found,no_postcode_found",no_metadata
carlisle,Carlisle,,Hopes Hill Drive,,Carlisle driving test centre UK,Hopes Hill Drive Carlisle UK,Carlisle test centre UK,,Hopes Hill Drive,medium,"address_incomplete,no_postcode_found",address_found
carmarthen,Carmarthen,,Richmond Terrace / Oak Lane,,Carmarthen driving test centre UK,Richmond Terrace / Oak Lane Carmarthen UK,Carmarthen test centre UK,,Richmond Terrace / Oak Lane,medium,"address_incomplete,no_postcode_found",address_found
castle_douglas,Castle Douglas,,Gordon Drive / Brown Crescent,,Castle Douglas driving test centre UK,Gordon Drive / Brown Crescent Castle Douglas UK,Castle Douglas test centre UK,,Gordon Drive / Brown Crescent,medium,"address_incomplete,no_postcode_found",address_found
cheetham_hill_manchester,Cheetham Hill Manchester,,Ashtree Rd / Crumpsall Lane,,Cheetham Hill Manchester driving test centre UK,Ashtree Rd / Crumpsall Lane Cheetham Hill Manchester UK,Cheetham Hill Manchester test centre UK,,Ashtree Rd / Crumpsall Lane,medium,"address_incomplete,no_postcode_found",address_found
chelmsford,Chelmsford,,Chelmer Village Way,,Chelmsford driving test centre UK,Chelmer Village Way Chelmsford UK,Chelmsford test centre UK,,Chelmer Village Way,medium,"address_incomplete,no_postcode_found",address_found
cheltenham,Cheltenham,,Quat Goose Lane,,Cheltenham driving test centre UK,Quat Goose Lane Cheltenham UK,Cheltenham test centre UK,,Quat Goose Lane,medium,"address_incomplete,no_postcode_found",address_found
chertsey_london,Chertsey London,,Renfree Way / High St,,Chertsey London driving test centre UK,Renfree Way / High St Chertsey London UK,Chertsey London test centre UK,,Renfree Way / High St,medium,"address_incomplete,no_postcode_found",address_found
chester,Chester,,A41 Long Lane,,Chester driving test centre UK,,Chester test centre UK,,,low,"no_postcode_found,road_number_only",no_metadata
chesterfield,Chesterfield,,Water Meadon Lane,,Chesterfield driving test centre UK,Water Meadon Lane Chesterfield UK,Chesterfield test centre UK,,Water Meadon Lane,medium,"address_incomplete,no_postcode_found",address_found
chichester,Chichester,,Oaklands Way (Worthing),,Chichester driving test centre UK,,Chichester test centre UK,,,low,"no_postcode_found,route_reference_only",no_metadata
chingford_london,Chingford London,,Hatch Lane/New Rd,,Chingford London driving test centre UK,Hatch Lane/New Rd Chingford London UK,Chingford London test centre UK,,Hatch Lane/New Rd,medium,"address_incomplete,no_postcode_found",address_found
chippenham,Chippenham,,West Cepen Way,,Chippenham driving test centre UK,West Cepen Way Chippenham UK,Chippenham test centre UK,,West Cepen Way,medium,"address_incomplete,no_postcode_found",address_found
chorley,Chorley,,Eaves Lane / Lyons Lane,,Chorley driving test centre UK,Eaves Lane / Lyons Lane Chorley UK,Chorley test centre UK,,Eaves Lane / Lyons Lane,medium,"address_incomplete,no_postcode_found",address_found
clacton_on_sea,Clacton-on-Sea,,Leas Rd / Cherry Tree Avenue,,Clacton-on-Sea driving test centre UK,Leas Rd / Cherry Tree Avenue Clacton-on-Sea UK,Clacton-on-Sea test centre UK,,Leas Rd / Cherry Tree Avenue,medium,"address_incomplete,no_postcode_found",address_found
colchester,Colchester,,Walnut Tree Way / Iceni Way,,Colchester driving test centre UK,Walnut Tree Way / Iceni Way Colchester UK,Colchester test centre UK,,Walnut Tree Way / Iceni Way,medium,"address_incomplete,no_postcode_found",address_found
coventry,Coventry,,Bowling Green Lane,,Coventry driving test centre UK,Bowling Green Lane Coventry UK,Coventry test centre UK,,Bowling Green Lane,medium,"address_incomplete,no_postcode_found",address_found
crawley,Crawley,,Haslett Avenue East,,Crawley driving test centre UK,Haslett Avenue East Crawley UK,Crawley test centre UK,,Haslett Avenue East,medium,"address_incomplete,no_postcode_found",address_found
crewe,Crewe,,Queens Park Drive,,Crewe driving test centre UK,Queens Park Drive Crewe UK,Crewe test centre UK,,Queens Park Drive,medium,"address_incomplete,no_postcode_found",address_found
crieff,Crieff,,,,Crieff driving test centre UK,,Crieff test centre UK,,,low,"no_address_found,no_postcode_found",no_metadata
croydon_london,Croydon London,,Duppas Hill Lane,,Croydon London driving test centre UK,Duppas Hill Lane Croydon London UK,Croydon London test centre UK,,Duppas Hill Lane,medium,"address_incomplete,no_postcode_found",address_found
cumnock,Cumnock,,Industrial Estate Rd,,Cumnock driving test centre UK,Industrial Estate Rd Cumnock UK,Cumnock test centre UK,,Industrial Estate Rd,high,no_postcode_found,address_found
darlington,Darlington,,St Cuthberts Way,,Darlington driving test centre UK,St Cuthberts Way Darlington UK,Darlington test centre UK,,St Cuthberts Way,medium,"address_incomplete,no_postcode_found",address_found
derby_alvaston,Derby Alvaston,,Burton Rd / Coles Lane,,Derby Alvaston driving test centre UK,Burton Rd / Coles Lane Derby Alvaston UK,Derby Alvaston test centre UK,,Burton Rd / Coles Lane,medium,"address_incomplete,no_postcode_found",address_found
doncaster,Doncaster,,Sandal Park Drive,,Doncaster driving test centre UK,Sandal Park Drive Doncaster UK,Doncaster test centre UK,,Sandal Park Drive,medium,"address_incomplete,no_postcode_found",address_found
dorchester,Dorchester,,Roman Rd / Apollo Close,,Dorchester driving test centre UK,Roman Rd / Apollo Close Dorchester UK,Dorchester test centre UK,,Roman Rd / Apollo Close,medium,"address_incomplete,no_postcode_found",address_found
dumbarton,Dumbarton,,Dumbuck Rd / Underwood Drive,,Dumbarton driving test centre UK,Dumbuck Rd / Underwood Drive Dumbarton UK,Dumbarton test centre UK,,Dumbuck Rd / Underwood Drive,medium,"address_incomplete,no_postcode_found",address_found
dumfries,Dumfries,,Oakfield Drive / Oakfield Brae,,Dumfries driving test centre UK,Oakfield Drive / Oakfield Brae Dumfries UK,Dumfries test centre UK,,Oakfield Drive / Oakfield Brae,medium,"address_incomplete,no_postcode_found",address_found
dundee,Dundee,,Kinghorne Rd / Lawside Avenue,,Dundee driving test centre UK,Kinghorne Rd / Lawside Avenue Dundee UK,Dundee test centre UK,,Kinghorne Rd / Lawside Avenue,medium,"address_incomplete,no_postcode_found",address_found
dunfermline_vine,Dunfermline Vine,,Woodside Avenue / Middlebank St,,Dunfermline Vine driving test centre UK,Woodside Avenue / Middlebank St Dunfermline Vine UK,Dunfermline Vine test centre UK,,Woodside Avenue / Middlebank St,medium,"address_incomplete,no_postcode_found",address_found
dunoon,Dunoon,,,,Dunoon driving test centre UK,,Dunoon test centre UK,,,low,"no_address_found,no_postcode_found",no_metadata
duns,Duns,,Berrywell Drive / Winterfield,,Duns driving test centre UK,Berrywell Drive / Winterfield Duns UK,Duns test centre UK,,Berrywell Drive / Winterfield,medium,"address_incomplete,no_postcode_found",address_found
durham,Durham,,Mill Lane / Shincliffe Lane,,Durham driving test centre UK,Mill Lane / Shincliffe Lane Durham UK,Durham test centre UK,,Mill Lane / Shincliffe Lane,medium,"address_incomplete,no_postcode_found",address_found
eastbourne,Eastbourne,,The Avenue / Upper Ave,,Eastbourne driving test centre UK,The Avenue / Upper Ave Eastbourne UK,Eastbourne test centre UK,,The Avenue / Upper Ave,medium,"address_incomplete,no_postcode_found",address_found
edinburgh_currie,Edinburgh Currie,,Baberton Mains Drive,,Edinburgh Currie driving test centre UK,Baberton Mains Drive Edinburgh Currie UK,Edinburgh Currie test centre UK,,Baberton Mains Drive,medium,"address_incomplete,no_postcode_found",address_found
elgin,Elgin,,Wards Rd / Wittet Drive,,Elgin driving test centre UK,Wards Rd / Wittet Drive Elgin UK,Elgin test centre UK,,Wards Rd / Wittet Drive,medium,"address_incomplete,no_postcode_found",address_found
elswick,Elswick,,William Armstrong Drive,,Elswick driving test centre UK,William Armstrong Drive Elswick UK,Elswick test centre UK,,William Armstrong Drive,medium,"address_incomplete,no_postcode_found",address_found
enfield_innova_business_park,Enfield Innova Business Park,,Drysdale Ave / Markfield Gardens / Amesbury Drive,,Enfield Innova Business Park driving test centre UK,,Enfield Innova Business Park test centre UK,,,low,"no_postcode_found,route_reference_only",no_metadata
exeter,Exeter,,Lane / Station Rd,,Exeter driving test centre UK,Lane / Station Rd Exeter UK,Exeter test centre UK,,Lane / Station Rd,medium,"address_incomplete,no_postcode_found",address_found
farnborough,Farnborough,,(2 nd lane),,Farnborough driving test centre UK,,Farnborough test centre UK,,,low,"no_postcode_found,route_reference_only",no_metadata
folkestone,Folkestone,,Castle Hill Avenue,,Folkestone driving test centre UK,Castle Hill Avenue Folkestone UK,Folkestone test centre UK,,Castle Hill Avenue,medium,"address_incomplete,no_postcode_found",address_found
forfar,Forfar,,,,Forfar driving test centre UK,,Forfar test centre UK,,,low,"no_address_found,no_postcode_found",no_metadata
fort_william,Fort William,,,,Fort William driving test centre UK,,Fort William test centre UK,,,low,"no_address_found,no_postcode_found",no_metadata
fraserburgh,Fraserburgh,,St Andrews Drive,,Fraserburgh driving test centre UK,St Andrews Drive Fraserburgh UK,Fraserburgh test centre UK,,St Andrews Drive,medium,"address_incomplete,no_postcode_found",address_found
gairloch,Gairloch,,,,Gairloch driving test centre UK,,Gairloch test centre UK,,,low,"no_address_found,no_postcode_found",no_metadata
galashiels,Galashiels,,,,Galashiels driving test centre UK,,Galashiels test centre UK,,,low,"no_address_found,no_postcode_found",no_metadata
gateshead,Gateshead,,Harlow Green Lane,,Gateshead driving test centre UK,Harlow Green Lane Gateshead UK,Gateshead test centre UK,,Harlow Green Lane,medium,"address_incomplete,no_postcode_found",address_found
gillingham,Gillingham,,Hempstead Valley Drive,,Gillingham driving test centre UK,Hempstead Valley Drive Gillingham UK,Gillingham test centre UK,,Hempstead Valley Drive,medium,"address_incomplete,no_postcode_found",address_found
glasgow_shieldhall,Glasgow Shieldhall,,Join Clydeside Expressway,,Glasgow Shieldhall driving test centre UK,Join Clydeside Expressway Glasgow Shieldhall UK,Glasgow Shieldhall test centre UK,,Join Clydeside Expressway,medium,"address_incomplete,no_postcode_found",address_found
gloucester,Gloucester,,Holmleigh Drive / Windsor Drive,,Gloucester driving test centre UK,Holmleigh Drive / Windsor Drive Gloucester UK,Gloucester test centre UK,,Holmleigh Drive / Windsor Drive,medium,"address_incomplete,no_postcode_found",address_found
goodmayes_london,Goodmayes London,,South Park Drive,,Goodmayes London driving test centre UK,South Park Drive Goodmayes London UK,Goodmayes London test centre UK,,South Park Drive,medium,"address_incomplete,no_postcode_found",address_found
grantham_somerby,Grantham Somerby,,Brook St / Broad St,,Grantham Somerby driving test centre UK,Brook St / Broad St Grantham Somerby UK,Grantham Somerby test centre UK,,Brook St / Broad St,medium,"address_incomplete,no_postcode_found",address_found
grantown_on_spey,Grantown-On-Spey,,,,Grantown-On-Spey driving test centre UK,,Grantown-On-Spey test centre UK,,,low,"no_address_found,no_postcode_found",no_metadata
greenford_horsenden_lane,Greenford Horsenden Lane,,Elms Lane / Perrine Rd,,Greenford Horsenden Lane driving test centre UK,Elms Lane / Perrine Rd Greenford Horsenden Lane UK,Greenford Horsenden Lane test centre UK,,Elms Lane / Perrine Rd,medium,"address_incomplete,no_postcode_found",address_found
greenock,Greenock,,Clarence St/Container Way,,Greenock driving test centre UK,Clarence St/Container Way Greenock UK,Greenock test centre UK,,Clarence St/Container Way,medium,"address_incomplete,no_postcode_found",address_found
grimsby_coldwater,Grimsby Coldwater,,Frederwick Ward Way,,Grimsby Coldwater driving test centre UK,Frederwick Ward Way Grimsby Coldwater UK,Grimsby Coldwater test centre UK,,Frederwick Ward Way,medium,"address_incomplete,no_postcode_found",address_found
guildford,Guildford,,Hook Hill Lane,,Guildford driving test centre UK,Hook Hill Lane Guildford UK,Guildford test centre UK,,Hook Hill Lane,medium,"address_incomplete,no_postcode_found",address_found
haddington,Haddington,,Park Lane / Clerkington Rd,,Haddington driving test centre UK,Park Lane / Clerkington Rd Haddington UK,Haddington test centre UK,,Park Lane / Clerkington Rd,medium,"address_incomplete,no_postcode_found",address_found
halifax,Halifax,,Spring Hall Lane,,Halifax driving test centre UK,Spring Hall Lane Halifax UK,Halifax test centre UK,,Spring Hall Lane,medium,"address_incomplete,no_postcode_found",address_found
hamilton,Hamilton,,,,Hamilton driving test centre UK,,Hamilton test centre UK,,,low,"no_address_found,no_postcode_found",no_metadata
hartlepool,Hartlepool,,Belle Vue Way,,Hartlepool driving test centre UK,Belle Vue Way Hartlepool UK,Hartlepool test centre UK,,Belle Vue Way,medium,"address_incomplete,no_postcode_found",address_found
hastings_ore,Hastings Ore,,Crowhurst Rd / Queensway,,Hastings Ore driving test centre UK,Crowhurst Rd / Queensway Hastings Ore UK,Hastings Ore test centre UK,,Crowhurst Rd / Queensway,medium,"address_incomplete,no_postcode_found",address_found
hawick,Hawick,,Hazelwood Rd / Roxburgh Drive,,Hawick driving test centre UK,Hazelwood Rd / Roxburgh Drive Hawick UK,Hawick test centre UK,,Hazelwood Rd / Roxburgh Drive,medium,"address_incomplete,no_postcode_found",address_found
heckmondwike,Heckmondwike,,Roberttown Lane / Far Moor Lane / Huddersfield Rd,,Heckmondwike driving test centre UK,,Heckmondwike test centre UK,,,low,"no_postcode_found,route_reference_only",no_metadata
hendon_london,Hendon London,,Hendon Way A41,,Hendon London driving test centre UK,,Hendon London test centre UK,,,low,"no_postcode_found,road_number_only",no_metadata
hereford,Hereford,,Old School Lane,,Hereford driving test centre UK,Old School Lane Hereford UK,Hereford test centre UK,,Old School Lane,medium,"address_incomplete,no_postcode_found",address_found
herne_bay,Herne Bay,,King Edward Avenue,,Herne Bay driving test centre UK,King Edward Avenue Herne Bay UK,Herne Bay test centre UK,,King Edward Avenue,medium,"address_incomplete,no_postcode_found",address_found
hexham,Hexham,,Queensway / Shaws Park,,Hexham driving test centre UK,Queensway / Shaws Park Hexham UK,Hexham test centre UK,,Queensway / Shaws Park,medium,"address_incomplete,no_postcode_found",address_found
heysham,Heysham,,Hall Drive / Bare Lane,,Heysham driving test centre UK,Hall Drive / Bare Lane Heysham UK,Heysham test centre UK,,Hall Drive / Bare Lane,medium,"address_incomplete,no_postcode_found",address_found
high_wycombe,High Wycombe,,Abbey Way (Flyover),,High Wycombe driving test centre UK,,High Wycombe test centre UK,,,low,"no_postcode_found,route_reference_only",no_metadata
hinckley,Hinckley,,Tilton Rd/Azalea Drive,,Hinckley driving test centre UK,Tilton Rd/Azalea Drive Hinckley UK,Hinckley test centre UK,,Tilton Rd/Azalea Drive,medium,"address_incomplete,no_postcode_found",address_found
hither_green_london,Hither Green London,,Rochester Way A2,,Hither Green London driving test centre UK,,Hither Green London test centre UK,,,low,"no_postcode_found,road_number_only",no_metadata
hornchurch_london,Hornchurch London,,Squirrels Heath Lane,,Hornchurch London driving test centre UK,Squirrels Heath Lane Hornchurch London UK,Hornchurch London test centre UK,,Squirrels Heath Lane,medium,"address_incomplete,no_postcode_found",address_found
horsforth,Horsforth,,West End Lane,,Horsforth driving test centre UK,West End Lane Horsforth UK,Horsforth test centre UK,,West End Lane,medium,"address_incomplete,no_postcode_found",address_found
huddersfield,Huddersfield,,Park Drive South,,Huddersfield driving test centre UK,Park Drive South Huddersfield UK,Huddersfield test centre UK,,Park Drive South,medium,"address_incomplete,no_postcode_found",address_found
hull,Hull,,Air St / Sculcoates Lane,,Hull driving test centre UK,Air St / Sculcoates Lane Hull UK,Hull test centre UK,,Air St / Sculcoates Lane,medium,"address_incomplete,no_postcode_found",address_found
huntly,Huntly,,Nelson St / Scott Drive,,Huntly driving test centre UK,Nelson St / Scott Drive Huntly UK,Huntly test centre UK,,Nelson St / Scott Drive,medium,"address_incomplete,no_postcode_found",address_found
hyde_manchester,Hyde Manchester,,Two Trees Lane,,Hyde Manchester driving test centre UK,Two Trees Lane Hyde Manchester UK,Hyde Manchester test centre UK,,Two Trees Lane,medium,"address_incomplete,no_postcode_found",address_found
inveraray,Inveraray,,,,Inveraray driving test centre UK,,Inveraray test centre UK,,,low,"no_address_found,no_postcode_found",no_metadata
ipswich,Ipswich,,Sunningdale Avenue / Claverton Rd / Chatsworth Drive,,Ipswich driving test centre UK,,Ipswich test centre UK,,,low,"no_postcode_found,route_reference_only",no_metadata
islay_island,Islay Island,,Mary Mackays Lane,,Islay Island driving test centre UK,Mary Mackays Lane Islay Island UK,Islay Island test centre UK,,Mary Mackays Lane,medium,"address_incomplete,no_postcode_found",address_found
isle_of_mull,Isle of Mull,,,,Isle of Mull driving test centre UK,,Isle of Mull test centre UK,,,low,"no_address_found,no_postcode_found",no_metadata
isle_of_skye_broadford,Isle of Skye Broadford,,,,Isle of Skye Broadford driving test centre UK,,Isle of Skye Broadford test centre UK,,,low,"no_address_found,no_postcode_found",no_metadata
isle_of_tiree,Isle of Tiree,,,,Isle of Tiree driving test centre UK,,Isle of Tiree test centre UK,,,low,"no_address_found,no_postcode_found",no_metadata
isles_of_scilly,Isles of Scilly,,Carn Friars Lane,,Isles of Scilly driving test centre UK,Carn Friars Lane Isles of Scilly UK,Isles of Scilly test centre UK,,Carn Friars Lane,medium,"address_incomplete,no_postcode_found",address_found
isleworth_fleming_way,Isleworth Fleming Way,,Powder Mill Lane,,Isleworth Fleming Way driving test centre UK,Powder Mill Lane Isleworth Fleming Way UK,Isleworth Fleming Way test centre UK,,Powder Mill Lane,medium,"address_incomplete,no_postcode_found",address_found
kendal_oxenholme_road,Kendal Oxenholme Road,,Sedburgh Rd / Castle Green Lane,,Kendal Oxenholme Road driving test centre UK,Sedburgh Rd / Castle Green Lane Kendal Oxenholme Road UK,Kendal Oxenholme Road test centre UK,,Sedburgh Rd / Castle Green Lane,medium,"address_incomplete,no_postcode_found",address_found
kettering,Kettering,,Linnet Drive / Barton Rd,,Kettering driving test centre UK,Linnet Drive / Barton Rd Kettering UK,Kettering test centre UK,,Linnet Drive / Barton Rd,medium,"address_incomplete,no_postcode_found",address_found
kings_lynn,Kings Lynn,,Edward Benefer Way / Low Rd,,Kings Lynn driving test centre UK,Edward Benefer Way / Low Rd Kings Lynn UK,Kings Lynn test centre UK,,Edward Benefer Way / Low Rd,medium,"address_incomplete,no_postcode_found",address_found
kingussie,Kingussie,,,,Kingussie driving test centre UK,,Kingussie test centre UK,,,low,"no_address_found,no_postcode_found",no_metadata
kirkcaldy,Kirkcaldy,,Wester Bogie Road,,Kirkcaldy driving test centre UK,Wester Bogie Road Kirkcaldy UK,Kirkcaldy test centre UK,,Wester Bogie Road,medium,"address_incomplete,no_postcode_found",address_found
kyle_of_lochalsh,Kyle of Lochalsh,,,,Kyle of Lochalsh driving test centre UK,,Kyle of Lochalsh test centre UK,,,low,"no_address_found,no_postcode_found",no_metadata
lairg,Lairg,,Railway Car Park,,Lairg driving test centre UK,Railway Car Park Lairg UK,Lairg test centre UK,,Railway Car Park,medium,"address_incomplete,no_postcode_found",address_found
lanark,Lanark,,Waterloo Drive / Wheatlandside,,Lanark driving test centre UK,Waterloo Drive / Wheatlandside Lanark UK,Lanark test centre UK,,Waterloo Drive / Wheatlandside,medium,"address_incomplete,no_postcode_found",address_found
launceston,Launceston,,Exeter St / Madford Lane,,Launceston driving test centre UK,Exeter St / Madford Lane Launceston UK,Launceston test centre UK,,Exeter St / Madford Lane,medium,"address_incomplete,no_postcode_found",address_found
leeds,Leeds,,Primrose Lane / Valley Drive,,Leeds driving test centre UK,Primrose Lane / Valley Drive Leeds UK,Leeds test centre UK,,Primrose Lane / Valley Drive,medium,"address_incomplete,no_postcode_found",address_found
leicester_cannock_street,Leicester Cannock Street,,Red Hill Way,,Leicester Cannock Street driving test centre UK,Red Hill Way Leicester Cannock Street UK,Leicester Cannock Street test centre UK,,Red Hill Way,medium,"address_incomplete,no_postcode_found",address_found
leicester_wigston,Leicester Wigston,,Horsewell Lane / Launceston Rd,,Leicester Wigston driving test centre UK,Horsewell Lane / Launceston Rd Leicester Wigston UK,Leicester Wigston test centre UK,,Horsewell Lane / Launceston Rd,medium,"address_incomplete,no_postcode_found",address_found
leighton_buzzard_stanbridge_road,Leighton Buzzard Stanbridge Road,,St Leonards Close,,Leighton Buzzard Stanbridge Road driving test centre UK,St Leonards Close Leighton Buzzard Stanbridge Road UK,Leighton Buzzard Stanbridge Road test centre UK,,St Leonards Close,medium,"address_incomplete,no_postcode_found",address_found
letchworth,Letchworth,,Norton Way North,,Letchworth driving test centre UK,Norton Way North Letchworth UK,Letchworth test centre UK,,Norton Way North,medium,"address_incomplete,no_postcode_found",address_found
lichfield,Lichfield,,Wood End Lane,,Lichfield driving test centre UK,Wood End Lane Lichfield UK,Lichfield test centre UK,,Wood End Lane,medium,"address_incomplete,no_postcode_found",address_found
lincoln,Lincoln,,Outer Circle Drive,,Lincoln driving test centre UK,Outer Circle Drive Lincoln UK,Lincoln test centre UK,,Outer Circle Drive,medium,"address_incomplete,no_postcode_found",address_found
llanelli,Llanelli,,Coleshill Terrace / Greenway St,,Llanelli driving test centre UK,Coleshill Terrace / Greenway St Llanelli UK,Llanelli test centre UK,,Coleshill Terrace / Greenway St,medium,"address_incomplete,no_postcode_found",address_found
lochgilphead,Lochgilphead,,Kilmory Industrial Estate,,Lochgilphead driving test centre UK,Kilmory Industrial Estate Lochgilphead UK,Lochgilphead test centre UK,,Kilmory Industrial Estate,high,no_postcode_found,address_found
loughborough,Loughborough,,Craddock Drive / Spinney Drive,,Loughborough driving test centre UK,Craddock Drive / Spinney Drive Loughborough UK,Loughborough test centre UK,,Craddock Drive / Spinney Drive,medium,"address_incomplete,no_postcode_found",address_found
loughton_london,Loughton London,,Loughton Lane / Debden Lane / Englands Lane /,,Loughton London driving test centre UK,,Loughton London test centre UK,,,low,"no_postcode_found,route_reference_only",no_metadata
louth,Louth,,St Bernards Ave / Wood Lane / Stewton Lane,,Louth driving test centre UK,,Louth test centre UK,,,low,"no_postcode_found,route_reference_only",no_metadata
lowestoft_mobbs_way,Lowestoft Mobbs Way,,The Street / Corton Rd,,Lowestoft Mobbs Way driving test centre UK,The Street / Corton Rd Lowestoft Mobbs Way UK,Lowestoft Mobbs Way test centre UK,,The Street / Corton Rd,medium,"address_incomplete,no_postcode_found",address_found
ludlow,Ludlow,,Weeping Cross Lane,,Ludlow driving test centre UK,Weeping Cross Lane Ludlow UK,Ludlow test centre UK,,Weeping Cross Lane,medium,"address_incomplete,no_postcode_found",address_found
luton,Luton,,Frank Lester Way,,Luton driving test centre UK,Frank Lester Way Luton UK,Luton test centre UK,,Frank Lester Way,medium,"address_incomplete,no_postcode_found",address_found
macclesfield,Macclesfield,,Stamford Rd / Moss Lane,,Macclesfield driving test centre UK,Stamford Rd / Moss Lane Macclesfield UK,Macclesfield test centre UK,,Stamford Rd / Moss Lane,medium,"address_incomplete,no_postcode_found",address_found
maidstone,Maidstone,,Sheals Crescent / Hayle Rd / College Rd / Mill St / Bishops Way,,Maidstone driving test centre UK,,Maidstone test centre UK,,,low,"no_postcode_found,route_reference_only",no_metadata
mallaig,Mallaig,,Main Street / East Bay,,Mallaig driving test centre UK,Main Street / East Bay Mallaig UK,Mallaig test centre UK,,Main Street / East Bay,medium,"address_incomplete,no_postcode_found",address_found
malton,Malton,,Hambleton Rd / Langley Drive,,Malton driving test centre UK,Hambleton Rd / Langley Drive Malton UK,Malton test centre UK,,Hambleton Rd / Langley Drive,medium,"address_incomplete,no_postcode_found",address_found
melton_mowbray,Melton Mowbray,,Balmoral Drive / Dieppe Way,,Melton Mowbray driving test centre UK,Balmoral Drive / Dieppe Way Melton Mowbray UK,Melton Mowbray test centre UK,,Balmoral Drive / Dieppe Way,medium,"address_incomplete,no_postcode_found",address_found
merthyr_tydfil,Merthyr Tydfil,,St Annes Close,,Merthyr Tydfil driving test centre UK,St Annes Close Merthyr Tydfil UK,Merthyr Tydfil test centre UK,,St Annes Close,medium,"address_incomplete,no_postcode_found",address_found
middlesbrough,Middlesbrough,,Cargo Fleet Lane,,Middlesbrough driving test centre UK,Cargo Fleet Lane Middlesbrough UK,Middlesbrough test centre UK,,Cargo Fleet Lane,medium,"address_incomplete,no_postcode_found",address_found
mill_hill_london,Mill Hill London,,Great North Way,,Mill Hill London driving test centre UK,Great North Way Mill Hill London UK,Mill Hill London test centre UK,,Great North Way,medium,"address_incomplete,no_postcode_found",address_found
mitcham_london,Mitcham London,,Mill green road,,Mitcham London driving test centre UK,Mill green road Mitcham London UK,Mitcham London test centre UK,,Mill green road,medium,"address_incomplete,no_postcode_found",address_found
monmouth,Monmouth,,Wonastow Industrial Estate,,Monmouth driving test centre UK,Wonastow Industrial Estate Monmouth UK,Monmouth test centre UK,,Wonastow Industrial Estate,high,no_postcode_found,address_found
montrose,Montrose,,,,Montrose driving test centre UK,,Montrose test centre UK,,,low,"no_address_found,no_postcode_found",no_metadata
morden_london,Morden London,,Gander Green Lane,,Morden London driving test centre UK,Gander Green Lane Morden London UK,Morden London test centre UK,,Gander Green Lane,medium,"address_incomplete,no_postcode_found",address_found
nelson,Nelson,,Barden Lane / Greenhead Lane,,Nelson driving test centre UK,Barden Lane / Greenhead Lane Nelson UK,Nelson test centre UK,,Barden Lane / Greenhead Lane,medium,"address_incomplete,no_postcode_found",address_found
newbury_hambridge_lane,Newbury Hambridge Lane,,Almond Ave / Castle Grove / Lisle close,,Newbury Hambridge Lane driving test centre UK,,Newbury Hambridge Lane test centre UK,,,low,"no_postcode_found,route_reference_only",no_metadata
newport_gwent,Newport Gwent,,Rupert Brooke Drive,,Newport Gwent driving test centre UK,Rupert Brooke Drive Newport Gwent UK,Newport Gwent test centre UK,,Rupert Brooke Drive,medium,"address_incomplete,no_postcode_found",address_found
newton_abbot,Newton Abbot,,Ley Lane / Longford Lane,,Newton Abbot driving test centre UK,Ley Lane / Longford Lane Newton Abbot UK,Newton Abbot test centre UK,,Ley Lane / Longford Lane,medium,"address_incomplete,no_postcode_found",address_found
newton_stewart,Newton Stewart,,New Galloway Rd,,Newton Stewart driving test centre UK,New Galloway Rd Newton Stewart UK,Newton Stewart test centre UK,,New Galloway Rd,medium,"address_incomplete,no_postcode_found",address_found
newtown,Newtown,,New Church St / Back Lane / Longbridge,,Newtown driving test centre UK,,Newtown test centre UK,,,low,"no_postcode_found,route_reference_only",no_metadata
norris_green_liverpool,Norris Green Liverpool,,Utting Avenue East,,Norris Green Liverpool driving test centre UK,Utting Avenue East Norris Green Liverpool UK,Norris Green Liverpool test centre UK,,Utting Avenue East,medium,"address_incomplete,no_postcode_found",address_found
northallerton,Northallerton,,Mill Hill Lane,,Northallerton driving test centre UK,Mill Hill Lane Northallerton UK,Northallerton test centre UK,,Mill Hill Lane,medium,"address_incomplete,no_postcode_found",address_found
northampton,Northampton,,St Peters Way,,Northampton driving test centre UK,St Peters Way Northampton UK,Northampton test centre UK,,St Peters Way,medium,"address_incomplete,no_postcode_found",address_found
northwich,Northwich,"A49
 1ST",School Lane (Sandiway),,Northwich driving test centre UK,,Northwich test centre UK,,,low,"postcode_invalid,route_reference_only",no_metadata
norwich_jupiter_road,Norwich Jupiter Road,,Woodside Rd / Blue Boar Lane,,Norwich Jupiter Road driving test centre UK,Woodside Rd / Blue Boar Lane Norwich Jupiter Road UK,Norwich Jupiter Road test centre UK,,Woodside Rd / Blue Boar Lane,medium,"address_incomplete,no_postcode_found",address_found
norwich_peachman_way,Norwich Peachman Way,,Woodside Rd / Blue Boar Lane,,Norwich Peachman Way driving test centre UK,Woodside Rd / Blue Boar Lane Norwich Peachman Way UK,Norwich Peachman Way test centre UK,,Woodside Rd / Blue Boar Lane,medium,"address_incomplete,no_postcode_found",address_found
nottingham_colwick,Nottingham Colwick,,St Lukes Way,,Nottingham Colwick driving test centre UK,St Lukes Way Nottingham Colwick UK,Nottingham Colwick test centre UK,,St Lukes Way,medium,"address_incomplete,no_postcode_found",address_found
nuneaton,Nuneaton,,St Davids Way,,Nuneaton driving test centre UK,St Davids Way Nuneaton UK,Nuneaton test centre UK,,St Davids Way,medium,"address_incomplete,no_postcode_found",address_found
oban,Oban,,,,Oban driving test centre UK,,Oban test centre UK,,,low,"no_address_found,no_postcode_found",no_metadata
oswestry,Oswestry,,Chestnut Ave / Cherry Tree Drive,,Oswestry driving test centre UK,Chestnut Ave / Cherry Tree Drive Oswestry UK,Oswestry test centre UK,,Chestnut Ave / Cherry Tree Drive,medium,"address_incomplete,no_postcode_found",address_found
oxford_cowley,Oxford Cowley,,Cricket Rd / Rymers Lane,,Oxford Cowley driving test centre UK,Cricket Rd / Rymers Lane Oxford Cowley UK,Oxford Cowley test centre UK,,Cricket Rd / Rymers Lane,medium,"address_incomplete,no_postcode_found",address_found
paisley,Paisley,,,,Paisley driving test centre UK,,Paisley test centre UK,,,low,"no_address_found,no_postcode_found",no_metadata
peebles,Peebles,,,,Peebles driving test centre UK,,Peebles test centre UK,,,low,"no_address_found,no_postcode_found",no_metadata
pembroke_dock,Pembroke Dock,,Buttermilk Lane / Myletts Hill,,Pembroke Dock driving test centre UK,Buttermilk Lane / Myletts Hill Pembroke Dock UK,Pembroke Dock test centre UK,,Buttermilk Lane / Myletts Hill,medium,"address_incomplete,no_postcode_found",address_found
perth_arran_road,Perth Arran Road,,Inveralmond Industrial Estate,,Perth Arran Road driving test centre UK,Inveralmond Industrial Estate Perth Arran Road UK,Perth Arran Road test centre UK,,Inveralmond Industrial Estate,high,no_postcode_found,address_found
peterborough,Peterborough,,Paston Park Way,,Peterborough driving test centre UK,Paston Park Way Peterborough UK,Peterborough test centre UK,,Paston Park Way,medium,"address_incomplete,no_postcode_found",address_found
peterhead,Peterhead,,Dales Industrial Estate,,Peterhead driving test centre UK,Dales Industrial Estate Peterhead UK,Peterhead test centre UK,,Dales Industrial Estate,high,no_postcode_found,address_found
pinner_london,Pinner London,,Elm Ave / Park way,,Pinner London driving test centre UK,Elm Ave / Park way Pinner London UK,Pinner London test centre UK,,Elm Ave / Park way,medium,"address_incomplete,no_postcode_found",address_found
pitlochry,Pitlochry,,,,Pitlochry driving test centre UK,,Pitlochry test centre UK,,,low,"no_address_found,no_postcode_found",no_metadata
plymouth,Plymouth,,Little Dock Lane,,Plymouth driving test centre UK,Little Dock Lane Plymouth UK,Plymouth test centre UK,,Little Dock Lane,medium,"address_incomplete,no_postcode_found",address_found
pontefract,Pontefract,,Jubilee Way / Mill Hill,,Pontefract driving test centre UK,Jubilee Way / Mill Hill Pontefract UK,Pontefract test centre UK,,Jubilee Way / Mill Hill,medium,"address_incomplete,no_postcode_found",address_found
poole,Poole,,Queen Anne Drive / Magna Rd,,Poole driving test centre UK,Queen Anne Drive / Magna Rd Poole UK,Poole test centre UK,,Queen Anne Drive / Magna Rd,medium,"address_incomplete,no_postcode_found",address_found
portsmouth,Portsmouth,,James Callaghan Drive,,Portsmouth driving test centre UK,James Callaghan Drive Portsmouth UK,Portsmouth test centre UK,,James Callaghan Drive,medium,"address_incomplete,no_postcode_found",address_found
preston,Preston,,Chain Caul Way,,Preston driving test centre UK,Chain Caul Way Preston UK,Preston test centre UK,,Chain Caul Way,medium,"address_incomplete,no_postcode_found",address_found
pwllheli,Pwllheli,,Alaroad / Y Maes,,Pwllheli driving test centre UK,Alaroad / Y Maes Pwllheli UK,Pwllheli test centre UK,,Alaroad / Y Maes,medium,"address_incomplete,no_postcode_found",address_found
reading,Reading,,Home Farm Close,,Reading driving test centre UK,Home Farm Close Reading UK,Reading test centre UK,,Home Farm Close,medium,"address_incomplete,no_postcode_found",address_found
redditch,Redditch,,Rough Hill Drive,,Redditch driving test centre UK,Rough Hill Drive Redditch UK,Redditch test centre UK,,Rough Hill Drive,medium,"address_incomplete,no_postcode_found",address_found
rhyl,Rhyl,,,,Rhyl driving test centre UK,,Rhyl test centre UK,,,low,"no_address_found,no_postcode_found",no_metadata
rochdale_manchester,Rochdale Manchester,,New Broad Lane,,Rochdale Manchester driving test centre UK,New Broad Lane Rochdale Manchester UK,Rochdale Manchester test centre UK,,New Broad Lane,medium,"address_incomplete,no_postcode_found",address_found
rotherham,Rotherham,,Badsley Moor Lane,,Rotherham driving test centre UK,Badsley Moor Lane Rotherham UK,Rotherham test centre UK,,Badsley Moor Lane,medium,"address_incomplete,no_postcode_found",address_found
rothesay,Rothesay,,,,Rothesay driving test centre UK,,Rothesay test centre UK,,,low,"no_address_found,no_postcode_found",no_metadata
rugby,Rugby,,Newton Manor Lane,,Rugby driving test centre UK,Newton Manor Lane Rugby UK,Rugby test centre UK,,Newton Manor Lane,medium,"address_incomplete,no_postcode_found",address_found
sale_manchester,Sale Manchester,,Bancroft Rd / Moss Lane,,Sale Manchester driving test centre UK,Bancroft Rd / Moss Lane Sale Manchester UK,Sale Manchester test centre UK,,Bancroft Rd / Moss Lane,medium,"address_incomplete,no_postcode_found",address_found
salisbury,Salisbury,,Churchill Way (W),,Salisbury driving test centre UK,,Salisbury test centre UK,,,low,"no_postcode_found,route_reference_only",no_metadata
scarborough,Scarborough,,Osgodby Lane / Church Lane,,Scarborough driving test centre UK,Osgodby Lane / Church Lane Scarborough UK,Scarborough test centre UK,,Osgodby Lane / Church Lane,medium,"address_incomplete,no_postcode_found",address_found
scunthorpe,Scunthorpe,,Crosby Grange Lane,,Scunthorpe driving test centre UK,Crosby Grange Lane Scunthorpe UK,Scunthorpe test centre UK,,Crosby Grange Lane,medium,"address_incomplete,no_postcode_found",address_found
sevenoaks,Sevenoaks,,Quakers Hall Lane,,Sevenoaks driving test centre UK,Quakers Hall Lane Sevenoaks UK,Sevenoaks test centre UK,,Quakers Hall Lane,medium,"address_incomplete,no_postcode_found",address_found
sheffield_handsworth,Sheffield Handsworth,,Richmond Park Avenue,,Sheffield Handsworth driving test centre UK,Richmond Park Avenue Sheffield Handsworth UK,Sheffield Handsworth test centre UK,,Richmond Park Avenue,medium,"address_incomplete,no_postcode_found",address_found
sheffield_middlewood_road,Sheffield Middlewood Road,,Catch Bar Lane,,Sheffield Middlewood Road driving test centre UK,Catch Bar Lane Sheffield Middlewood Road UK,Sheffield Middlewood Road test centre UK,,Catch Bar Lane,medium,"address_incomplete,no_postcode_found",address_found
shrewsbury,Shrewsbury,,Featherbed Lane / The Parks,,Shrewsbury driving test centre UK,Featherbed Lane / The Parks Shrewsbury UK,Shrewsbury test centre UK,,Featherbed Lane / The Parks,medium,"address_incomplete,no_postcode_found",address_found
sidcup_london,Sidcup London,,Rectory Lane / Bexley Lane,,Sidcup London driving test centre UK,Rectory Lane / Bexley Lane Sidcup London UK,Sidcup London test centre UK,,Rectory Lane / Bexley Lane,medium,"address_incomplete,no_postcode_found",address_found
skegness,Skegness,,East End / Storeys Lane,,Skegness driving test centre UK,East End / Storeys Lane Skegness UK,Skegness test centre UK,,East End / Storeys Lane,medium,"address_incomplete,no_postcode_found",address_found
skipton,Skipton,,Bunkers Hill / Rectory Lane,,Skipton driving test centre UK,Bunkers Hill / Rectory Lane Skipton UK,Skipton test centre UK,,Bunkers Hill / Rectory Lane,medium,"address_incomplete,no_postcode_found",address_found
slough_london,Slough London,,Shaggy Calf Lane,,Slough London driving test centre UK,Shaggy Calf Lane Slough London UK,Slough London test centre UK,,Shaggy Calf Lane,medium,"address_incomplete,no_postcode_found",address_found
south_shields,South Shields,,Coast Rd / Broadway,,South Shields driving test centre UK,Coast Rd / Broadway South Shields UK,South Shields test centre UK,,Coast Rd / Broadway,medium,"address_incomplete,no_postcode_found",address_found
southall_london,Southall London,,Willow Tree Lane,,Southall London driving test centre UK,Willow Tree Lane Southall London UK,Southall London test centre UK,,Willow Tree Lane,medium,"address_incomplete,no_postcode_found",address_found
southampton_forest_hills,Southampton Forest Hills,,Forest Hills Drive,,Southampton Forest Hills driving test centre UK,Forest Hills Drive Southampton Forest Hills UK,Southampton Forest Hills test centre UK,,Forest Hills Drive,medium,"address_incomplete,no_postcode_found",address_found
southampton_maybush,Southampton Maybush,,Millbrook Rd / Mountbatten Way,,Southampton Maybush driving test centre UK,Millbrook Rd / Mountbatten Way Southampton Maybush UK,Southampton Maybush test centre UK,,Millbrook Rd / Mountbatten Way,medium,"address_incomplete,no_postcode_found",address_found
southend_on_sea,Southend-On-Sea,,Thorpe Hall Avenue,,Southend-On-Sea driving test centre UK,Thorpe Hall Avenue Southend-On-Sea UK,Southend-On-Sea test centre UK,,Thorpe Hall Avenue,medium,"address_incomplete,no_postcode_found",address_found
southport_liverpool,Southport Liverpool,,Rufford Rd / Bankfield Lane,,Southport Liverpool driving test centre UK,Rufford Rd / Bankfield Lane Southport Liverpool UK,Southport Liverpool test centre UK,,Rufford Rd / Bankfield Lane,medium,"address_incomplete,no_postcode_found",address_found
speke_liverpool,Speke Liverpool,,Aigburth Hall Avenue Becomes,,Speke Liverpool driving test centre UK,Aigburth Hall Avenue Becomes Speke Liverpool UK,Speke Liverpool test centre UK,,Aigburth Hall Avenue Becomes,medium,"address_incomplete,no_postcode_found",address_found
st_albans,St Albans,,Colney Heath Lane,,St Albans driving test centre UK,Colney Heath Lane St Albans UK,St Albans test centre UK,,Colney Heath Lane,medium,"address_incomplete,no_postcode_found",address_found
st_helens_liverpool,St Helens Liverpool,,Cowley Hill Lane,,St Helens Liverpool driving test centre UK,Cowley Hill Lane St Helens Liverpool UK,St Helens Liverpool test centre UK,,Cowley Hill Lane,medium,"address_incomplete,no_postcode_found",address_found
stafford,Stafford,,Lane until further notice,,Stafford driving test centre UK,Lane until further notice Stafford UK,Stafford test centre UK,,Lane until further notice,medium,"address_incomplete,no_postcode_found",address_found
steeton,Steeton,,Spring Gardens Lane,,Steeton driving test centre UK,Spring Gardens Lane Steeton UK,Steeton test centre UK,,Spring Gardens Lane,medium,"address_incomplete,no_postcode_found",address_found
stevenage,Stevenage,,Six Hills Way,,Stevenage driving test centre UK,Six Hills Way Stevenage UK,Stevenage test centre UK,,Six Hills Way,medium,"address_incomplete,no_postcode_found",address_found
stirling,Stirling,,Victoria Place / Queens Drive,,Stirling driving test centre UK,Victoria Place / Queens Drive Stirling UK,Stirling test centre UK,,Victoria Place / Queens Drive,medium,"address_incomplete,no_postcode_found",address_found
stoke_on_trent_cobridge,Stoke-On-Trent Cobridge,,Reginald Mitchell Way,,Stoke-On-Trent Cobridge driving test centre UK,Reginald Mitchell Way Stoke-On-Trent Cobridge UK,Stoke-On-Trent Cobridge test centre UK,,Reginald Mitchell Way,medium,"address_incomplete,no_postcode_found",address_found
stoke_on_trent_newcastle_under_lyme,Stoke-on-Trent Newcastle-Under-Lyme,,Clayton Lane/Stafford Avenue,,Stoke-on-Trent Newcastle-Under-Lyme driving test centre UK,Clayton Lane/Stafford Avenue Stoke-on-Trent Newcastle-Under-Lyme UK,Stoke-on-Trent Newcastle-Under-Lyme test centre UK,,Clayton Lane/Stafford Avenue,medium,"address_incomplete,no_postcode_found",address_found
stranraer,Stranraer,,,,Stranraer driving test centre UK,,Stranraer test centre UK,,,low,"no_address_found,no_postcode_found",no_metadata
sunderland,Sunderland,,Old Silksworth Lane,,Sunderland driving test centre UK,Old Silksworth Lane Sunderland UK,Sunderland test centre UK,,Old Silksworth Lane,medium,"address_incomplete,no_postcode_found",address_found
swansea,Swansea,,Valley Way Rd,,Swansea driving test centre UK,Valley Way Rd Swansea UK,Swansea test centre UK,,Valley Way Rd,medium,"address_incomplete,no_postcode_found",address_found
swindon,Swindon,,Broome Manor Lane / Carleton,,Swindon driving test centre UK,Broome Manor Lane / Carleton Swindon UK,Swindon test centre UK,,Broome Manor Lane / Carleton,medium,"address_incomplete,no_postcode_found",address_found
taunton,Taunton,,Burton Place / Middleway,,Taunton driving test centre UK,Burton Place / Middleway Taunton UK,Taunton test centre UK,,Burton Place / Middleway,medium,"address_incomplete,no_postcode_found",address_found
telford,Telford,,Donnington Wood Way,,Telford driving test centre UK,Donnington Wood Way Telford UK,Telford test centre UK,,Donnington Wood Way,medium,"address_incomplete,no_postcode_found",address_found
thurso,Thurso,,Provost Cormack Drive,,Thurso driving test centre UK,Provost Cormack Drive Thurso UK,Thurso test centre UK,,Provost Cormack Drive,medium,"address_incomplete,no_postcode_found",address_found
tilbury,Tilbury,,King Edward Drive,,Tilbury driving test centre UK,King Edward Drive Tilbury UK,Tilbury test centre UK,,King Edward Drive,medium,"address_incomplete,no_postcode_found",address_found
tolworth_london,Tolworth London,,Berrylands Rd / Manor Drive,,Tolworth London driving test centre UK,Berrylands Rd / Manor Drive Tolworth London UK,Tolworth London test centre UK,,Berrylands Rd / Manor Drive,medium,"address_incomplete,no_postcode_found",address_found
trowbridge,Trowbridge,,Stallard St / Hill St / Shails Lane / Seymour Rd,,Trowbridge driving test centre UK,,Trowbridge test centre UK,,,low,"no_postcode_found,route_reference_only",no_metadata
tunbridge_wells,Tunbridge Wells,,Liptraps Lane / Birken Rd,,Tunbridge Wells driving test centre UK,Liptraps Lane / Birken Rd Tunbridge Wells UK,Tunbridge Wells test centre UK,,Liptraps Lane / Birken Rd,medium,"address_incomplete,no_postcode_found",address_found
ullapool,Ullapool,,,,Ullapool driving test centre UK,,Ullapool test centre UK,,,low,"no_address_found,no_postcode_found",no_metadata
upton,Upton,,Arrowe Brook Lane,,Upton driving test centre UK,Arrowe Brook Lane Upton UK,Upton test centre UK,,Arrowe Brook Lane,medium,"address_incomplete,no_postcode_found",address_found
uxbridge_london,Uxbridge London,,Cowley mill road,,Uxbridge London driving test centre UK,Cowley mill road Uxbridge London UK,Uxbridge London test centre UK,,Cowley mill road,medium,"address_incomplete,no_postcode_found",address_found
wakefield,Wakefield,,Lime Pit Lane,,Wakefield driving test centre UK,Lime Pit Lane Wakefield UK,Wakefield test centre UK,,Lime Pit Lane,medium,"address_incomplete,no_postcode_found",address_found
wallasey,Wallasey,,,,Wallasey driving test centre UK,,Wallasey test centre UK,,,low,"no_address_found,no_postcode_found",no_metadata
wanstead_london,Wanstead London,,South View Drive,,Wanstead London driving test centre UK,South View Drive Wanstead London UK,Wanstead London test centre UK,,South View Drive,medium,"address_incomplete,no_postcode_found",address_found
warwick_wedgenock_house,Warwick Wedgenock House,,Field Barn Lane,,Warwick Wedgenock House driving test centre UK,Field Barn Lane Warwick Wedgenock House UK,Warwick Wedgenock House test centre UK,,Field Barn Lane,medium,"address_incomplete,no_postcode_found",address_found
watford,Watford,,Otterspool Way / Berrygrove Lane,,Watford driving test centre UK,Otterspool Way / Berrygrove Lane Watford UK,Watford test centre UK,,Otterspool Way / Berrygrove Lane,medium,"address_incomplete,no_postcode_found",address_found
wednesbury,Wednesbury,,Dial Lane / Richmond St,,Wednesbury driving test centre UK,Dial Lane / Richmond St Wednesbury UK,Wednesbury test centre UK,,Dial Lane / Richmond St,medium,"address_incomplete,no_postcode_found",address_found
wellingborough,Wellingborough,,"Manoeuvre exercise first, drive forward into any parking bay and reverse out.",,Wellingborough driving test centre UK,"Manoeuvre exercise first, drive forward into any parking bay and reverse out. Wellingborough UK",Wellingborough test centre UK,,"Manoeuvre exercise first, drive forward into any parking bay and reverse out.",medium,"address_incomplete,no_postcode_found",address_found
west_didsbury_manchester,West Didsbury Manchester,,Barlow Moor Road,,West Didsbury Manchester driving test centre UK,Barlow Moor Road West Didsbury Manchester UK,West Didsbury Manchester test centre UK,,Barlow Moor Road,medium,"address_incomplete,no_postcode_found",address_found
west_wickham_london,West Wickham London,,Addington Rd / Bourne Way,,West Wickham London driving test centre UK,Addington Rd / Bourne Way West Wickham London UK,West Wickham London test centre UK,,Addington Rd / Bourne Way,medium,"address_incomplete,no_postcode_found",address_found
weston_super_mare,Weston-super-Mare,,,,Weston-super-Mare driving test centre UK,,Weston-super-Mare test centre UK,,,low,"no_address_found,no_postcode_found",no_metadata
whitby,Whitby,,Summerfield Lane (Stainsacre),,Whitby driving test centre UK,,Whitby test centre UK,,,low,"no_postcode_found,route_reference_only",no_metadata
wick,Wick,,Bank Row / Rose St (one-way),,Wick driving test centre UK,,Wick test centre UK,,,low,"no_postcode_found,route_reference_only",no_metadata
widnes,Widnes,,Ashley Way West,,Widnes driving test centre UK,Ashley Way West Widnes UK,Widnes test centre UK,,Ashley Way West,medium,"address_incomplete,no_postcode_found",address_found
winchester,Winchester,,Lower Stanmore Lane,,Winchester driving test centre UK,Lower Stanmore Lane Winchester UK,Winchester test centre UK,,Lower Stanmore Lane,medium,"address_incomplete,no_postcode_found",address_found
wolverhampton,Wolverhampton,,Gt. Bricklin St / Aspen Way,,Wolverhampton driving test centre UK,Gt. Bricklin St / Aspen Way Wolverhampton UK,Wolverhampton test centre UK,,Gt. Bricklin St / Aspen Way,medium,"address_incomplete,no_postcode_found",address_found
wood_green_london,Wood Green London,,White Hart Lane,,Wood Green London driving test centre UK,White Hart Lane Wood Green London UK,Wood Green London test centre UK,,White Hart Lane,medium,"address_incomplete,no_postcode_found",address_found
worcester,Worcester,,Middle Hollow Drive,,Worcester driving test centre UK,Middle Hollow Drive Worcester UK,Worcester test centre UK,,Middle Hollow Drive,medium,"address_incomplete,no_postcode_found",address_found
workington,Workington,,Viaduct / Solway Rd lay-by,,Workington driving test centre UK,Viaduct / Solway Rd lay-by Workington UK,Workington test centre UK,,Viaduct / Solway Rd lay-by,medium,"address_incomplete,no_postcode_found",address_found
worksop,Worksop,,Sandy Lane / Babbage Way,,Worksop driving test centre UK,Sandy Lane / Babbage Way Worksop UK,Worksop test centre UK,,Sandy Lane / Babbage Way,medium,"address_incomplete,no_postcode_found",address_found
yeovil,Yeovil,,Wessex Rd / Eliotts Drive,,Yeovil driving test centre UK,Wessex Rd / Eliotts Drive Yeovil UK,Yeovil test centre UK,,Wessex Rd / Eliotts Drive,medium,"address_incomplete,no_postcode_found",address_found
york,York,,Murton Way / Osbaldwick Link Rd,,York driving test centre UK,Murton Way / Osbaldwick Link Rd York UK,York test centre UK,,Murton Way / Osbaldwick Link Rd,medium,"address_incomplete,no_postcode_found",address_found
